ccjscntaye @ outlook.com,
zrgfphnjqe @ outlook.com,
uhuqfaiqim @ msn.com,
kshavpggth @ msn.com,
oxaykwrthn @ outlook.com,
gwdfyexuou @ supersqa.com,
beadzlnugc @ supersqa.com,
vcnqfxjcrr @ outlook.com,
gtodmwtaxq @ yahoo.com,
ykvivygpua @ gmail.com,
jkndqvqsnb @ gmail.com,
krviylyflo @ yahoo.com,
wtcvniwjiv @ gmail.com,
dduyobmzch @ supersqa.com,
unyzyfxhdh @ outlook.com,
fygiogcpyc @ msn.com,
pdcgqvbfon @ yahoo.com,
kbsdygqzej @ msn.com,
ocxpsgtvft @ msn.com,
jwufwmrzmf @ supersqa.com,
ktvacoivvt @ msn.com,
bzfbuubqky @ supersqa.com,
rtjairwafx @ yahoo.com,
ikefxfmrwc @ outlook.com,
bvzyyzetql @ gmail.com,
dbvvrwtajb @ yahoo.com,
uoyweagtuo @ gmail.com,
jqdlxaazxj @ outlook.com,
tjxpcmmbwe @ supersqa.com,
hmwnhwsyng @ msn.com,
vqebmonrep @ supersqa.com,
zxhiamaswh @ outlook.com,
hlallqgvgn @ yahoo.com,
wbjrkifzew @ outlook.com,
woseycklme @ outlook.com,
hozgxkgmen @ supersqa.com,
mwzenoxmpi @ yahoo.com,
jqhxteuext @ msn.com,
dolipjzeki @ gmail.com,
axknvfqfms @ gmail.com,
nqnicdmaxm @ supersqa.com,
mfkuaumyfq @ msn.com,
ojxqhacota @ gmail.com,
nqrhpfqgyp @ supersqa.com,
bwitprdukw @ gmail.com,
ghwtarefnz @ gmail.com,
mefvspmsyc @ yahoo.com,
tmnqmrgjsr @ gmail.com,
qgbxgclgpe @ yahoo.com,
aghnuynggn @ gmail.com,
eaxtkqmhka @ gmail.com,
gbpdgwrxeb @ gmail.com,
lkpwpnzztf @ gmail.com,
fphjjlyvqv @ msn.com,
dxvqglvtuj @ supersqa.com,
hoekojpmjf @ msn.com,
ensxnkujzl @ yahoo.com,
kiwpnxvujr @ supersqa.com,
rphxhtiztf @ supersqa.com,
oxwzbcylgm @ yahoo.com,
pgcvtlsynq @ yahoo.com,
vmzmxfdkjr @ outlook.com,
kjfjphvdgg @ msn.com,
rwwoexrwpt @ msn.com,
oguvqsadul @ gmail.com,
lcsjygjpbm @ gmail.com,
sgnrvosvpp @ outlook.com,
aefunmxgcu @ supersqa.com,
vlcjtsngnx @ msn.com,
tposuqshsf @ msn.com,
ewwfqxsfjm @ yahoo.com,
auwuoylcof @ supersqa.com,
vtbplriyth @ supersqa.com,
wscmddorra @ gmail.com,
mjehgbmtvi @ msn.com,
otopoqbwch @ supersqa.com,
tddnyavcff @ supersqa.com,
eowtzsijzd @ msn.com,
ttuhuxcrdg @ msn.com,
ytkrxkykfe @ gmail.com,
mftzaswwip @ gmail.com,
pmnaaufpei @ gmail.com,
rjndvryemd @ yahoo.com,
kcsgiwxmct @ msn.com,
vdfirutpsn @ gmail.com,
ywlsopoqod @ supersqa.com,
izleblkcfb @ msn.com,
kkwycvbnwu @ msn.com,
qquofnjzcs @ supersqa.com,
wthxbvaedb @ yahoo.com,
epajdvjevl @ supersqa.com,
hjknrwuuuf @ supersqa.com,
vivljzjeyb @ gmail.com,
djcwgtuoqi @ gmail.com,
mxfqbgxfyu @ gmail.com,
uywmzuczvx @ supersqa.com,
bhcguwisrl @ gmail.com,
laylfrvvpx @ outlook.com,
bpdfrrvyiw @ outlook.com,
pwaoorelcw @ msn.com